<?xml version="1.0" encoding="UTF-8" standalone="yes"?>
<addon id="repository.aresu" name="AresU Repository" version="1.0" provider-name="AresU">
    <extension point="xbmc.addon.repository" name="AresU Repository">
        <info compressed="false">https://raw.github.com/are5u/kodi-repository/master/addons.xml</info>
        <checksum>https://raw.github.com/are5u/kodi-repository/master/addons.xml.md5</checksum>
        <datadir zip="true">https://raw.github.com/are5u/kodi-repository/master</datadir>
    </extension>
    <extension point="xbmc.addon.metadata">
        <summary>AresU Repository</summary>
        <description>>This is main repositories of KODI contains several plugins.</description>
        <platform>all</platform>
    </extension>
</addon>