<?xml version="1.0" encoding="UTF-8" standalone="yes"?>
<addon id="plugin.video.dramaonline"
	   name="dramaonline"
	   version="1.0"
	   provider-name="aresu">
  <extension point="xbmc.python.pluginsource"
			 library="default.py">
    	<provides>video</provides>
  </extension>
  <extension point="xbmc.addon.metadata">
    <summary>Watch TV Drama/Movie from dramaonline.us</summary>
    <description>Watch TV Drama/Movie from dramaonline.us</description>
    <disclaimer>The owners and submitters to this repository do not host or distribute any of the content displayed by these addons nor do they have any affiliation with the content providers.</disclaimer>
    <platform>all</platform>
  </extension>
</addon>
